iqr_x,duration_x,median_x,mad_x,max_x,mean_x,min_x,rms_x,std_x,iqr_y,duration_y,median_y,mad_y,max_y,mean_y,min_y,rms_y,std_y,iqr_z,duration_z,median_z,mad_z,max_z,mean_z,min_z,rms_z,std_z,iqr_m,duration_m,median_m,mad_m,max_m,mean_m,min_m,rms_m,std_m
10.0,200.0,-1.5,4.5,9.0,-0.95,-10.0,5.876223276901585,5.7989223136717385,9.0,200.0,0.0,5.0,9.0,-0.385,-10.0,5.771048431611018,5.758191990547034,10.0,200.0,-0.5,4.5,9.0,-0.745,-10.0,5.905505905508858,5.858325272635516,3.2907297615972446,200.0,9.999874996093546,1.6776399633862633,15.652475842498529,9.780863111868445,2.8284271247461903,10.134594219799823,2.654188536425246
10.0,200.0,-2.0,5.0,9.0,-1.015,-10.0,5.843372313998143,5.75454385681437,10.0,200.0,-1.5,4.5,9.0,-0.735,-10.0,5.8167860541711525,5.770162476048661,9.0,200.0,0.0,5.0,9.0,0.45,-10.0,5.70350769263968,5.685727745856283,3.2492234510489393,200.0,9.89936608643115,1.7382755089090756,15.652475842498529,9.708220867452015,2.23606797749979,10.02546757014355,2.5020886452660576
11.0,200.0,0.0,6.0,9.0,-0.55,-10.0,6.194352266379432,6.169886546768907,9.0,200.0,-1.0,4.0,9.0,-0.55,-10.0,5.591064299397745,5.56394644115128,10.0,200.0,1.0,5.0,9.0,0.3,-10.0,5.790509476721371,5.782732917920383,4.276897211389774,200.0,10.04987562112089,2.156679994612812,15.652475842498529,9.746532698797898,1.7320508075688772,10.156771140475698,2.857463971997449
9.0,200.0,1.0,4.0,9.0,0.225,-10.0,5.683748762920472,5.6792935300088185,10.25,200.0,0.0,5.0,9.0,-0.56,-10.0,6.125357132445422,6.099704910895281,10.25,200.0,0.5,5.5,9.0,-0.265,-10.0,5.874946808269842,5.868967115259719,3.5350958762167703,200.0,10.04987562112089,1.864750793185249,15.652475842498529,9.82883557980993,2.449489742783178,10.214695296483395,2.7810054198189573
